x_name,plants
animage (9)_0.jpg,animage (9)_plants_0.png
bothwell-21-05-2019_0.jpg,bothwell-21-05-2019_plants_0.png
bothwell-21-05-2019_1.jpg,bothwell-21-05-2019_plants_1.png
animage (12)_0.jpg,animage (12)_plants_0.png
animage (12)_1.jpg,animage (12)_plants_1.png
animage_0.jpg,animage_plants_0.png
animage_1.jpg,animage_plants_1.png
Image_0.jpg,Image_plants_0.png
Image_1.jpg,Image_plants_1.png
animage (15)_0.jpg,animage (15)_plants_0.png
animage (15)_1.jpg,animage (15)_plants_1.png
both-08-06-2019_0.jpg,both-08-06-2019_plants_0.png
IMG_1624_0.jpg,IMG_1624_plants_0.png
IMG_1624_1.jpg,IMG_1624_plants_1.png
animage (18)_0.jpg,animage (18)_plants_0.png
animage (41)_0.jpg,animage (41)_plants_0.png
animage (41)_1.jpg,animage (41)_plants_1.png
IMG_7054_0.jpg,IMG_7054_plants_0.png
IMG_7054_1.jpg,IMG_7054_plants_1.png
1_0.jpg,1_plants_0.png
1_1.jpg,1_plants_1.png
animage (21)_0.jpg,animage (21)_plants_0.png
animage (21)_1.jpg,animage (21)_plants_1.png
both-21-6-2019_0.jpg,both-21-6-2019_plants_0.png
4_0.jpg,4_plants_0.png
animage (24)_0.jpg,animage (24)_plants_0.png
animage (24)_1.jpg,animage (24)_plants_1.png
bothwel-8-8-2019_0.jpg,bothwel-8-8-2019_plants_0.png
bothwel-8-8-2019_1.jpg,bothwel-8-8-2019_plants_1.png
WhatsApp Image 2019-09-02 at 12_0.jpg,WhatsApp Image 2019-09-02 at 12_plants_0.png
WhatsApp Image 2019-09-02 at 12_1.jpg,WhatsApp Image 2019-09-02 at 12_plants_1.png
7_0.jpg,7_plants_0.png
7_1.jpg,7_plants_1.png
animage (27)_0.jpg,animage (27)_plants_0.png
bothwell1-18-07-2019_0.jpg,bothwell1-18-07-2019_plants_0.png
bothwell1-18-07-2019_1.jpg,bothwell1-18-07-2019_plants_1.png
WhatsApp Image 2019-10-05 at 10_0.jpg,WhatsApp Image 2019-10-05 at 10_plants_0.png
animage (30)_0.jpg,animage (30)_plants_0.png
bothwell3-10-8-2019_0.jpg,bothwell3-10-8-2019_plants_0.png
WhatsApp Image 2019-10-05 at 10_0.jpg,WhatsApp Image 2019-10-05 at 10_plants_0.png
animage (1)_0.jpg,animage (1)_plants_0.png
animage (33)_0.jpg,animage (33)_plants_0.png
animage (33)_1.jpg,animage (33)_plants_1.png
bothwell-10-8-2019_0.jpg,bothwell-10-8-2019_plants_0.png
bothwell-10-8-2019_1.jpg,bothwell-10-8-2019_plants_1.png
WhatsApp Image 2019-10-05 at 15_0.jpg,WhatsApp Image 2019-10-05 at 15_plants_0.png
WhatsApp Image 2019-10-05 at 15_1.jpg,WhatsApp Image 2019-10-05 at 15_plants_1.png
animage (4)_0.jpg,animage (4)_plants_0.png
animage (4)_1.jpg,animage (4)_plants_1.png
animage (36)_0.jpg,animage (36)_plants_0.png
animage (36)_1.jpg,animage (36)_plants_1.png
bothwell-14-07-2019_0.jpg,bothwell-14-07-2019_plants_0.png
WhatsApp Image 2019-11-02 at 14_0.jpg,WhatsApp Image 2019-11-02 at 14_plants_0.png
animage (7)_0.jpg,animage (7)_plants_0.png
animage (7)_1.jpg,animage (7)_plants_1.png
animage (39)_0.jpg,animage (39)_plants_0.png
animage (39)_1.jpg,animage (39)_plants_1.png
bothwell-19-05-2019_0.jpg,bothwell-19-05-2019_plants_0.png
animage (10)_0.jpg,animage (10)_plants_0.png
animage (42)_0.jpg,animage (42)_plants_0.png
bothwell-22-07-2019_0.jpg,bothwell-22-07-2019_plants_0.png
bothwell-22-07-2019_1.jpg,bothwell-22-07-2019_plants_1.png
Image_0.jpg,Image_plants_0.png
Image_1.jpg,Image_plants_1.png
animage (16)_0.jpg,animage (16)_plants_0.png
animage (16)_1.jpg,animage (16)_plants_1.png
IMG_4815_0.jpg,IMG_4815_plants_0.png
IMG_4815_1.jpg,IMG_4815_plants_1.png
both-16-7-2019_0.jpg,both-16-7-2019_plants_0.png
2_0.jpg,2_plants_0.png
2_1.jpg,2_plants_1.png
animage (22)_0.jpg,animage (22)_plants_0.png
both-22-06-2019_0.jpg,both-22-06-2019_plants_0.png
both-22-06-2019_1.jpg,both-22-06-2019_plants_1.png
IMG_20190925_103817507_HDR_0.jpg,IMG_20190925_103817507_HDR_plants_0.png
IMG_20190925_103817507_HDR_1.jpg,IMG_20190925_103817507_HDR_plants_1.png
5_0.jpg,5_plants_0.png
5_1.jpg,5_plants_1.png
5_2.jpg,5_plants_2.png
5_3.jpg,5_plants_3.png
5_4.jpg,5_plants_4.png
5_5.jpg,5_plants_5.png
5_6.jpg,5_plants_6.png
5_7.jpg,5_plants_7.png
5_8.jpg,5_plants_8.png
5_9.jpg,5_plants_9.png
5_10.jpg,5_plants_10.png
animage (25)_0.jpg,animage (25)_plants_0.png
bothwell1-10-8-2019_0.jpg,bothwell1-10-8-2019_plants_0.png
bothwell1-10-8-2019_1.jpg,bothwell1-10-8-2019_plants_1.png
WhatsApp Image 2019-09-07 at 16_0.jpg,WhatsApp Image 2019-09-07 at 16_plants_0.png
WhatsApp Image 2019-09-07 at 16_1.jpg,WhatsApp Image 2019-09-07 at 16_plants_1.png
WhatsApp Image 2019-09-07 at 16_2.jpg,WhatsApp Image 2019-09-07 at 16_plants_2.png
WhatsApp Image 2019-09-07 at 16_3.jpg,WhatsApp Image 2019-09-07 at 16_plants_3.png
1130_1_0.jpg,1130_1_plants_0.png
1130_1_1.jpg,1130_1_plants_1.png
1130_1_2.jpg,1130_1_plants_2.png
bothwell2-14-8-2019_0.jpg,bothwell2-14-8-2019_plants_0.png
bothwell2-14-8-2019_1.jpg,bothwell2-14-8-2019_plants_1.png
20191029_103954_0.jpg,20191029_103954_plants_0.png
20191029_103954_1.jpg,20191029_103954_plants_1.png
animage (31)_0.jpg,animage (31)_plants_0.png
bothwell3-14-8-2019_0.jpg,bothwell3-14-8-2019_plants_0.png
bothwell3-14-8-2019_1.jpg,bothwell3-14-8-2019_plants_1.png
WhatsApp Image 2019-10-05 at 15_0.jpg,WhatsApp Image 2019-10-05 at 15_plants_0.png
WhatsApp Image 2019-10-05 at 15_1.jpg,WhatsApp Image 2019-10-05 at 15_plants_1.png
animage (2)_0.jpg,animage (2)_plants_0.png
animage (2)_1.jpg,animage (2)_plants_1.png
animage (34)_0.jpg,animage (34)_plants_0.png
animage (34)_1.jpg,animage (34)_plants_1.png
bothwell-10-8-2019_0.jpg,bothwell-10-8-2019_plants_0.png
bothwell-10-8-2019_1.jpg,bothwell-10-8-2019_plants_1.png
bothwell-10-8-2019_2.jpg,bothwell-10-8-2019_plants_2.png
bothwell-10-8-2019_3.jpg,bothwell-10-8-2019_plants_3.png
bothwell-10-8-2019_4.jpg,bothwell-10-8-2019_plants_4.png
WhatsApp Image 2019-10-12 at 11_0.jpg,WhatsApp Image 2019-10-12 at 11_plants_0.png
WhatsApp Image 2019-10-12 at 11_1.jpg,WhatsApp Image 2019-10-12 at 11_plants_1.png
WhatsApp Image 2019-10-12 at 11_2.jpg,WhatsApp Image 2019-10-12 at 11_plants_2.png
animage (5)_0.jpg,animage (5)_plants_0.png
animage (5)_1.jpg,animage (5)_plants_1.png
animage (5)_2.jpg,animage (5)_plants_2.png
animage (5)_3.jpg,animage (5)_plants_3.png
animage (37)_0.jpg,animage (37)_plants_0.png
animage (37)_1.jpg,animage (37)_plants_1.png
animage (37)_2.jpg,animage (37)_plants_2.png
animage (37)_3.jpg,animage (37)_plants_3.png
bothwell-15-8-2019_0.jpg,bothwell-15-8-2019_plants_0.png
bothwell-15-8-2019_1.jpg,bothwell-15-8-2019_plants_1.png
bothwell-15-8-2019_2.jpg,bothwell-15-8-2019_plants_2.png
bothwell-15-8-2019_3.jpg,bothwell-15-8-2019_plants_3.png
WhatsApp Image 2019-11-02 at 14_0.jpg,WhatsApp Image 2019-11-02 at 14_plants_0.png
WhatsApp Image 2019-11-02 at 14_1.jpg,WhatsApp Image 2019-11-02 at 14_plants_1.png
animage (8)_0.jpg,animage (8)_plants_0.png
animage (8)_1.jpg,animage (8)_plants_1.png
animage (8)_2.jpg,animage (8)_plants_2.png
animage (40)_0.jpg,animage (40)_plants_0.png
animage (40)_1.jpg,animage (40)_plants_1.png
bothwell-19-07-2019_0.jpg,bothwell-19-07-2019_plants_0.png
bothwell-19-07-2019_1.jpg,bothwell-19-07-2019_plants_1.png
animage (11)_0.jpg,animage (11)_plants_0.png
animage (11)_1.jpg,animage (11)_plants_1.png
animage (11)_2.jpg,animage (11)_plants_2.png
animage (43)_0.jpg,animage (43)_plants_0.png
animage (43)_1.jpg,animage (43)_plants_1.png
bothwell-27-05-2019_0.jpg,bothwell-27-05-2019_plants_0.png
bothwell-27-05-2019_1.jpg,bothwell-27-05-2019_plants_1.png
bothwell-27-05-2019_2.jpg,bothwell-27-05-2019_plants_2.png
animage (14)_0.jpg,animage (14)_plants_0.png
both3-22-06-2019_0.jpg,both3-22-06-2019_plants_0.png
both3-22-06-2019_1.jpg,both3-22-06-2019_plants_1.png
both3-22-06-2019_2.jpg,both3-22-06-2019_plants_2.png
both3-22-06-2019_3.jpg,both3-22-06-2019_plants_3.png
both3-22-06-2019_4.jpg,both3-22-06-2019_plants_4.png
image1_0.jpg,image1_plants_0.png
image1_1.jpg,image1_plants_1.png
image1_2.jpg,image1_plants_2.png
animage (17)_0.jpg,animage (17)_plants_0.png
animage (17)_1.jpg,animage (17)_plants_1.png
animage (17)_2.jpg,animage (17)_plants_2.png
animage (17)_3.jpg,animage (17)_plants_3.png
animage (17)_4.jpg,animage (17)_plants_4.png
both-13-06-2019_0.jpg,both-13-06-2019_plants_0.png
img_5676_0.jpg,img_5676_plants_0.png
img_5676_1.jpg,img_5676_plants_1.png
img_5676_2.jpg,img_5676_plants_2.png
animage (20)_0.jpg,animage (20)_plants_0.png
animage (20)_1.jpg,animage (20)_plants_1.png
both-21-06-2019_0.jpg,both-21-06-2019_plants_0.png
IMG_20190914_142015404_0.jpg,IMG_20190914_142015404_plants_0.png
IMG_20190914_142015404_1.jpg,IMG_20190914_142015404_plants_1.png
3_0.jpg,3_plants_0.png
animage (23)_0.jpg,animage (23)_plants_0.png
animage (23)_1.jpg,animage (23)_plants_1.png
both-23-7-2019_0.jpg,both-23-7-2019_plants_0.png
