Name,Split
1.jpg,training
1130_1.jpg,training
1130_3.jpg,training
2.jpg,training
20191029_103954.jpg,training
3.jpg,training
4.jpg,training
5.jpg,training
7.jpg,training
animage (1).jpg,training
animage (10).jpg,training
animage (11).jpg,training
animage (12).jpg,training
animage (13).jpg,training
animage (14).jpg,training
animage (15).jpg,training
animage (16).jpg,training
animage (17).jpg,training
animage (18).jpg,training
animage (19).jpg,training
animage (2).jpg,training
animage (20).jpg,training
animage (21).jpg,training
animage (22).jpg,training
animage (23).jpg,training
animage (24).jpg,training
animage (25).jpg,training
animage (27).jpg,training
animage (28).jpg,training
animage (30).jpg,training
animage (31).jpg,training
animage (33).jpg,training
animage (34).jpg,training
animage (36).jpg,training
animage (37).jpg,training
animage (39).jpg,training
animage (4).jpg,training
animage (40).jpg,training
animage (41).jpg,training
animage (42).jpg,training
animage (43).jpg,training
animage (5).jpg,training
animage (7).jpg,training
animage (8).jpg,training
animage (9).jpg,training
animage.jpg,training
both-08-06-2019.jpg,training
both-10-06-2019.jpeg,training
both-13-06-2019.JPG,training
both-16-6-2019.jpeg,training
both-16-7-2019.jpeg,training
both-21-06-2019.jpg,training
both-21-6-2019.jpeg,training
both-22-06-2019.jpg,training
both-23-7-2019.jpeg,training
both2-22-06-2019.jpg,training
both3-22-06-2019.JPG,training
bothwel-8-8-2019.JPG,training
bothwell-10-8-2019.jpeg,training
bothwell-10-8-2019.jpg,training
bothwell-14-07-2019.JPG,training
bothwell-15-8-2019.jpg,training
bothwell-19-05-2019.jpeg,training
bothwell-19-07-2019.JPG,training
bothwell-21-05-2019.png,training
bothwell-22-07-2019.jpg,training
bothwell-27-05-2019.jpg,training
bothwell1-10-8-2019.jpeg,training
bothwell1-18-07-2019.jpeg,training
bothwell2-14-8-2019.jpeg,training
bothwell3-10-8-2019.jpeg,training
bothwell3-14-8-2019.jpeg,training
Image.jpeg,training
Image.jpg,training
image1.jpeg,training
IMG_1624.JPG,training
IMG_20190809_142644_resized_20190906_013704772.jpg,training
IMG_20190914_142015404.jpg,training
IMG_20190925_103817507_HDR (1).jpg,training
IMG_20190925_103817507_HDR.jpg,training
IMG_4815.JPG,training
img_5676.jpg,training
IMG_7054.jpg,training
WhatsApp Image 2019-09-02 at 12.27.11.jpeg,training
WhatsApp Image 2019-09-07 at 16.48.04.jpeg,training
WhatsApp Image 2019-10-05 at 10.43.56.jpeg,training
WhatsApp Image 2019-10-05 at 10.44.01.jpeg,training
WhatsApp Image 2019-10-05 at 10.44.12.jpeg,training
WhatsApp Image 2019-10-05 at 15.21.02.jpeg,training
WhatsApp Image 2019-10-05 at 15.21.03.jpeg,training
WhatsApp Image 2019-10-12 at 11.17.04.jpeg,training
WhatsApp Image 2019-11-02 at 14.51.05.jpeg,training
WhatsApp Image 2019-11-02 at 14.51.28.jpeg,training
WhatsApp Image 2019-08-28 at 15.15.49.jpeg,test
6.jpg,test
animage (26).jpg,test
bothwell1-14-8-2019.jpeg,test
WhatsApp Image 2019-09-08 at 14.07.58.jpeg,test
1130_2.jpg,test
animage (29).jpg,test
bothwell2-18-07-2019.jpeg,test
WhatsApp Image 2019-10-05 at 10.44.07.jpeg,test
20200104_130511.jpg,test
animage (32).jpg,test
bothwell4-14-8-2019.jpeg,test
WhatsApp Image 2019-10-05 at 15.21.03(1).jpeg,test
animage (3).jpg,test
animage (35).jpg,test
bothwell-11-07-2019.jpg,test
WhatsApp Image 2019-10-23 at 11.41.42.jpeg,test
animage (6).jpg,test
animage (38).jpg,test
bothwell-17-07-2019.jpg,test
